date,amount,merchant,category,notes
2026-06-01,1450.00,Palm Grove Apartments,Housing,Rent
2026-06-02,50.59,Shell,Transportation,Gas
2026-06-03,95.01,FPL,Utilities,Electric
2026-06-04,107.95,Walmart,Groceries,
2026-06-05,65.00,Xfinity,Utilities,Internet
2026-06-06,34.10,Trader Joe's,Groceries,
2026-06-08,15.49,Netflix,Subscriptions,
2026-06-09,17.83,Chick-fil-A,Dining,
2026-06-10,12.72,Pollo Tropical,Dining,
2026-06-12,11.99,Spotify,Subscriptions,
2026-06-12,46.85,AMC Theatres,Entertainment,
2026-06-14,98.31,Aldi,Groceries,
2026-06-16,17.41,Chipotle,Dining,
2026-06-17,37.29,Walgreens,Health,
2026-06-18,45.00,Planet Fitness,Health,Gym membership
2026-06-19,63.76,Target,Shopping,
2026-06-21,54.90,Walmart,Groceries,
2026-06-23,69.94,Publix,Groceries,
2026-06-25,15.94,Chipotle,Dining,
2026-06-28,32.50,RaceTrac,Transportation,Gas
2026-06-30,27.50,Target,Shopping,
2026-07-01,1450.00,Palm Grove Apartments,Housing,Rent
2026-07-02,45.15,Target,Shopping,
2026-07-03,103.55,FPL,Utilities,Electric
2026-07-05,65.00,Xfinity,Utilities,Internet
2026-07-05,93.92,Trader Joe's,Groceries,
2026-07-06,36.39,Walmart,Groceries,
2026-07-08,15.49,Netflix,Subscriptions,
2026-07-08,68.07,Walmart,Groceries,
2026-07-09,19.15,Walgreens,Health,
2026-07-10,87.96,Target,Shopping,
2026-07-12,11.99,Spotify,Subscriptions,
2026-07-12,22.95,Walgreens,Health,
2026-07-13,83.84,Best Buy,Shopping,
2026-07-15,36.56,AMC Theatres,Entertainment,
2026-07-17,25.08,Starbucks,Dining,
2026-07-18,45.00,Planet Fitness,Health,Gym membership
2026-07-19,66.63,Aldi,Groceries,
2026-07-20,44.23,Target,Shopping,
2026-07-22,389.00,Pep Boys,Transportation,New tires
2026-07-23,61.40,Aldi,Groceries,
2026-07-25,56.08,Walmart,Groceries,
2026-07-28,65.63,Trader Joe's,Groceries,
2026-07-30,59.03,Publix,Groceries,
2026-08-01,1450.00,Palm Grove Apartments,Housing,Rent
2026-08-02,98.81,Aldi,Groceries,
2026-08-03,112.63,FPL,Utilities,Electric
2026-08-03,25.25,Local Taqueria,Dining,
2026-08-04,147.16,Publix,Groceries,
2026-08-05,65.00,Xfinity,Utilities,Internet
2026-08-06,51.97,Shell,Transportation,Gas
2026-08-08,15.49,Netflix,Subscriptions,
2026-08-08,61.90,Publix,Groceries,
2026-08-11,80.51,Target,Shopping,
2026-08-12,11.99,Spotify,Subscriptions,
2026-08-13,24.18,Chick-fil-A,Dining,
2026-08-15,25.66,Chick-fil-A,Dining,
2026-08-16,59.59,Amazon,Shopping,
2026-08-18,45.00,Planet Fitness,Health,Gym membership
2026-08-18,35.37,RaceTrac,Transportation,Gas
2026-08-21,33.42,CVS,Health,
2026-08-23,132.60,Trader Joe's,Groceries,
2026-08-26,41.52,Local Taqueria,Dining,
2026-08-29,108.98,Trader Joe's,Groceries,
2026-09-01,1450.00,Palm Grove Apartments,Housing,Rent
2026-09-02,10.46,Starbucks,Dining,
2026-09-03,100.86,FPL,Utilities,Electric
2026-09-03,34.37,RaceTrac,Transportation,Gas
2026-09-04,53.69,Walmart,Groceries,
2026-09-05,65.00,Xfinity,Utilities,Internet
2026-09-06,26.40,CVS,Health,
2026-09-08,15.49,Netflix,Subscriptions,
2026-09-08,23.77,CVS,Health,
2026-09-09,24.56,Target,Shopping,
2026-09-11,23.01,Chick-fil-A,Dining,
2026-09-12,11.99,Spotify,Subscriptions,
2026-09-14,32.38,Starbucks,Dining,
2026-09-15,48.89,Shell,Transportation,Gas
2026-09-18,45.00,Planet Fitness,Health,Gym membership
2026-09-18,29.21,Aldi,Groceries,
2026-09-21,25.14,CVS,Health,
2026-09-23,26.95,Chick-fil-A,Dining,
2026-09-25,52.31,Steam,Entertainment,
2026-09-27,87.30,Aldi,Groceries,
